{"cameraMode":{"drawMode":0,"name":"Shaded","section":"Shading Mode"},"sceneLighting":false,"audioPlay":false,"sceneViewState":{"showFog":true,"showMaterialUpdate":false,"showSkybox":false,"showFlares":true,"showImageEffects":true,"showParticleSystems":true},"in2DMode":false,"pivot":{"x":3.6401546001434328,"y":0.17399999499320985,"z":-1.3432066440582276},"rotation":{"x":-0.1991860419511795,"y":-0.1862797737121582,"z":0.03859730064868927,"w":-0.9613194465637207},"size":0.2857882082462311,"orthographic":false}