{"cameraMode":{"drawMode":0,"name":"Shaded","section":"Shading Mode"},"sceneLighting":false,"audioPlay":false,"sceneViewState":{"showFog":true,"showMaterialUpdate":false,"showSkybox":true,"showFlares":true,"showImageEffects":true,"showParticleSystems":true},"in2DMode":false,"pivot":{"x":0.7372877597808838,"y":-8.752657890319825,"z":2.522336959838867},"rotation":{"x":0.49929800629615786,"y":0.10859201848506928,"z":-0.06324600428342819,"w":0.8572708368301392},"size":12.933581352233887,"orthographic":false}