{"cameraMode":{"drawMode":0,"name":"Shaded","section":"Shading Mode"},"sceneLighting":false,"audioPlay":false,"sceneViewState":{"showFog":true,"showMaterialUpdate":false,"showSkybox":true,"showFlares":true,"showImageEffects":true,"showParticleSystems":true},"in2DMode":false,"pivot":{"x":-2.1683788299560549,"y":-0.7994403839111328,"z":-1.4738056659698487},"rotation":{"x":0.3518356382846832,"y":0.5526570677757263,"z":-0.2763170301914215,"w":0.7031954526901245},"size":12.09209156036377,"orthographic":false}