{"cameraMode":{"drawMode":0,"name":"Shaded","section":"Shading Mode"},"sceneLighting":false,"audioPlay":false,"sceneViewState":{"showFog":true,"showMaterialUpdate":false,"showSkybox":true,"showFlares":true,"showImageEffects":true,"showParticleSystems":true},"in2DMode":false,"pivot":{"x":1.1401419639587403,"y":-1.9872039556503297,"z":-11.309228897094727},"rotation":{"x":-0.00110681913793087,"y":-0.998320996761322,"z":0.05427221208810806,"w":-0.020362669602036477},"size":9.790079116821289,"orthographic":false}