{"cameraMode":{"drawMode":0,"name":"Shaded","section":"Shading Mode"},"sceneLighting":false,"audioPlay":false,"sceneViewState":{"showFog":true,"showMaterialUpdate":false,"showSkybox":true,"showFlares":true,"showImageEffects":true,"showParticleSystems":true},"in2DMode":false,"pivot":{"x":-3.2125635147094728,"y":-5.459083557128906,"z":-9.19392204284668},"rotation":{"x":0.03707212209701538,"y":-0.9627743363380432,"z":0.19798214733600617,"w":0.1802789717912674},"size":12.475310325622559,"orthographic":false}